timestamp_s,pitch_degrees_t1,control_latency_microseconds_t1,pitch_degrees_t2,control_latency_microseconds_t2,pitch_degrees_t3,control_latency_microseconds_t3
0.0,0.2,,0.2,,0.2,
0.01,0.16796,33865.93,0.46123,7421.02,0.35419,966.79
0.02,0.8843,947.95,0.16395,819.92,-0.08012,986.1
0.03,0.07302,1030.92,0.20244,767.95,0.41262,845.91
0.04,0.58213,1285.08,0.10455,706.67,-0.01162,838.76
0.05,-0.00505,833.99,-0.02762,687.12,0.22496,750.06
0.06,0.06092,1078.84,0.25963,649.93,0.57657,781.77
0.07,-0.05095,713.83,0.2409,699.04,-0.14736,896.93
0.08,0.40981,777.01,0.50629,660.9,0.18451,766.28
0.09,-0.41387,730.99,-0.30068,687.12,-0.30003,818.25
0.1,-0.24118,684.98,-0.17925,972.75,0.16396,738.14
0.11,0.0717,736.0,0.3636,834.94,0.64376,936.99
0.12,-0.31241,700.95,0.24296,653.98,-0.47907,743.15
0.13,-0.05781,766.99,-0.38317,758.89,0.54585,697.14
0.14,0.46109,708.82,0.05387,646.83,-0.32931,710.25
0.15,0.08771,758.17,0.55965,628.95,0.36467,715.02
0.16,-0.24936,674.25,-0.11118,612.97,0.42392,653.03
0.17,0.65772,782.97,0.0329,612.97,-0.13457,643.01
0.18,0.10748,697.85,0.46267,688.08,-0.07087,637.77
0.19,0.06869,972.03,-1.58707,615.12,-0.25555,653.74
0.2,-0.21077,838.99,0.14031,622.03,0.15325,638.96
0.21,0.61269,781.06,-0.41991,623.94,-0.61704,978.95
0.22,-1.37339,711.2,0.69195,779.87,0.82853,1014.95
0.23,-0.01572,814.68,-1.35368,1035.21,1.4523,990.15
0.24,0.91944,683.78,0.17109,988.96,0.31275,933.17
0.25,1.7364,706.91,0.17868,1045.94,1.20455,864.03
0.26,3.0535,670.19,-0.36803,1020.91,0.1952,854.02
0.27,-1.04954,709.3,0.86345,1145.84,0.06016,830.89
0.28,-3.60025,654.22,1.36969,1043.8,-0.58461,886.92
0.29,-2.9153,899.08,-0.43779,826.12,1.32312,844.96
0.3,-3.455,748.87,0.34109,933.17,0.54398,741.24
0.31,-1.7186,962.97,0.35273,888.11,-0.13857,673.06
0.32,-0.1613,708.1,0.63577,763.89,1.08165,644.21
0.33,-1.57011,1068.83,-0.36485,762.94,-1.21428,684.26
0.34,-0.60596,1219.99,0.42601,783.92,-2.2015,684.02
0.35,-0.81321,2019.88,-0.60893,705.0,-2.18892,664.95
0.36,0.84996,1143.69,0.43631,703.1,-2.03892,722.17
0.37,-1.34551,1222.13,0.15092,653.03,0.90663,634.19
0.38,-1.49411,926.97,0.03194,683.07,2.30153,653.03
0.39,-2.50379,877.86,0.15449,646.83,1.65553,637.05
0.4,-0.2047,962.02,0.39485,627.99,1.9274,626.09
0.41,0.44843,878.1,-0.85761,632.05,0.41053,640.87
0.42,-0.79367,869.04,0.89923,633.0,0.53745,619.17
0.43,0.05497,799.89,2.29839,856.16,-0.06974,660.18
0.44,-1.101,749.11,3.23137,1057.15,-0.3115,953.2
0.45,0.89803,1245.98,2.86663,787.02,0.47055,977.99
0.46,1.04522,1044.99,0.3038,700.0,-0.31028,836.13
0.47,0.02753,700.24,-0.33619,663.04,-1.19762,1024.01
0.48,-0.08281,781.06,-0.69431,638.01,0.00722,1097.2
0.49,-0.29396,648.26,0.52728,705.0,-0.90596,928.16
0.5,0.25614,675.92,-0.969,630.14,-1.13038,840.9
0.51,-1.17239,646.11,0.99414,628.95,0.23767,720.98
0.52,0.44042,639.2,0.91717,623.94,0.64281,706.67
0.53,0.58982,643.25,0.94475,633.0,-1.19557,1051.9
0.54,0.68121,663.04,0.56162,633.0,1.46617,931.02
0.55,-1.2175,621.08,-0.34,643.01,1.43674,845.19
0.56,0.43319,641.11,-0.14139,730.99,1.75153,680.92
0.57,1.24866,615.84,-0.00642,882.39,0.27017,698.09
0.58,2.55336,694.75,0.09974,914.81,-1.02126,680.92
0.59,-0.51574,639.92,-0.28724,746.25,-0.21138,667.1
0.6,-0.04597,700.24,1.40055,719.07,0.60487,675.92
0.61,-1.72093,664.95,-0.3547,727.65,-0.83075,674.96
0.62,0.02348,625.13,-1.0078,764.13,2.00571,664.0
0.63,0.7738,641.11,-0.25681,672.1,-0.24803,654.22
0.64,0.92412,613.93,-0.40743,671.15,-0.65794,695.71
0.65,-0.36827,1063.35,1.19327,689.03,-0.6448,638.01
0.66,0.27147,1017.09,0.00915,676.16,0.40299,648.98
0.67,0.33177,748.16,-0.23927,643.01,-0.44604,844.96
0.68,-0.77856,715.02,0.19808,647.07,1.33797,787.97
0.69,-0.0463,735.04,0.23035,614.17,-1.22026,756.98
0.7,-0.05489,685.93,-0.21206,633.96,-2.05876,652.07
0.71,0.1551,686.17,0.46902,688.79,-3.52133,698.09
0.72,-0.61088,663.04,0.28698,623.23,-3.96018,662.09
0.73,0.04299,680.92,0.2312,655.17,0.05723,671.86
0.74,-0.2939,736.0,0.10277,628.95,1.48055,646.83
0.75,0.49343,654.94,-0.44969,685.93,4.37049,656.84
0.76,-1.04282,704.05,1.87781,640.87,5.57967,651.84
0.77,-0.65047,653.03,-0.26048,659.94,3.83481,662.09
0.78,-0.49262,652.07,-0.34299,617.98,2.55283,650.88
0.79,-0.01232,609.87,-1.3823,640.87,0.47814,653.03
0.8,0.2744,646.11,-0.84414,611.07,1.12518,684.02
0.81,-0.9306,644.21,0.67667,634.91,-0.62152,714.06
0.82,-0.31616,634.91,-0.51712,720.98,-1.31099,644.92
0.83,-0.57936,643.01,-0.05336,648.98,-0.84902,888.82
0.84,0.41345,655.89,0.90667,634.91,-0.17221,808.0
0.85,-0.78646,670.91,-0.55426,610.83,-0.24548,684.98
0.86,-0.49166,638.96,1.57426,624.9,-0.06378,687.12
0.87,-0.90812,657.08,1.60973,655.17,-0.10312,651.12
0.88,0.70411,622.75,1.92888,636.1,-0.24681,638.96
0.89,0.15345,643.01,0.08289,625.13,-0.20012,648.98
0.9,-0.62724,667.81,0.01488,633.96,0.13048,634.91
0.91,0.66307,648.02,-1.13386,603.91,-0.01351,652.79
0.92,0.35012,649.21,1.17483,622.03,-0.39292,648.02
0.93,0.69272,633.0,-0.61577,623.94,1.00285,633.24
0.94,-1.11057,634.91,0.1745,606.06,-1.01286,624.9
0.95,0.52388,667.81,-0.37167,617.03,-2.25619,637.29
0.96,1.60244,645.16,1.47618,707.86,-1.63897,674.25
0.97,1.08034,613.93,0.46621,614.88,0.32319,646.83
0.98,0.47097,663.04,0.72863,635.15,-1.3748,625.13
0.99,0.60089,615.84,-0.57233,644.92,-0.53134,643.97
1.0,-0.57385,667.1,0.62742,636.1,-1.65907,639.92
1.01,-0.45227,614.88,1.07579,694.99,-0.73734,749.83
1.02,0.91427,620.13,0.40558,613.93,-0.80625,633.0
1.03,-1.04433,653.98,0.02638,675.92,0.54399,623.94
1.04,-1.7494,643.01,0.48053,643.01,0.47717,886.68
1.05,0.16945,630.86,-0.41019,591.99,-0.81007,830.17
1.06,1.35395,668.76,1.08449,632.76,0.20621,742.91
1.07,1.75008,645.88,-0.55132,679.97,-1.43597,696.18
1.08,-0.00913,651.84,0.47669,604.87,-0.68248,676.63
1.09,0.06928,641.11,-1.69006,600.1,-1.08501,642.78
1.1,-0.2064,641.82,-0.38878,607.01,0.87685,688.79
1.11,0.11964,682.12,-1.14969,591.75,-0.00363,660.9
1.12,-0.88736,635.86,-0.36971,604.87,-0.01466,637.05
1.13,0.46454,672.82,0.87316,678.78,-1.1864,627.99
1.14,0.17133,643.97,-0.18146,612.02,-0.03926,650.88
1.15,-0.28865,627.99,0.91521,592.95,-1.19789,644.68
1.16,0.29329,624.18,-0.6319,595.09,-1.00676,621.8
1.17,-0.86696,633.0,-0.48249,596.28,-0.04795,655.89
1.18,-0.17504,607.97,0.33589,593.9,-0.76298,932.22
1.19,-0.92873,627.04,-0.77282,617.98,0.15911,875.0
1.2,0.29808,651.12,-0.40962,612.02,0.35401,790.12
1.21,-0.69504,617.98,0.47635,773.91,0.0915,686.17
1.22,0.04996,610.59,-1.83864,983.0,-0.03296,651.12
1.23,-0.75996,624.9,1.06187,672.1,0.38948,657.08
1.24,0.32139,629.19,1.52743,694.04,-1.30379,633.0
1.25,-0.57136,623.7,2.63149,632.05,-0.1302,630.14
1.26,0.69064,621.08,1.62356,658.75,-0.10929,639.92
1.27,-1.01371,632.05,1.10477,613.93,-0.49864,621.08
1.28,-0.19424,617.98,-0.18403,605.11,1.11573,617.98
1.29,-0.69318,599.86,1.71103,637.05,-1.95387,621.08
1.3,0.93546,603.91,2.62817,614.17,-2.84521,619.17
1.31,-0.31365,647.07,0.74098,638.01,-2.77875,684.02
1.32,0.0621,634.91,2.25313,617.98,-2.03656,622.03
1.33,-0.78421,607.01,-0.09478,615.84,-0.31667,731.95
1.34,0.75241,622.27,-1.23006,602.96,-1.1003,778.2
1.35,-0.04611,620.84,-1.00515,617.03,-0.92484,698.8
1.36,-0.09899,627.99,0.31881,612.97,0.13078,627.99
1.37,-0.14121,597.95,-1.29481,607.01,-0.71779,681.16
1.38,0.09089,611.07,0.86242,614.17,-1.3102,633.0
1.39,-0.16415,630.14,-0.25103,599.86,1.2747,633.0
1.4,0.80491,610.11,1.28846,617.98,-0.17761,609.16
1.41,-0.87256,612.97,-0.16832,639.92,1.10749,620.84
1.42,0.04428,591.75,-0.19584,625.13,-0.21888,629.66
1.43,-1.23549,627.04,0.33149,605.34,0.76583,634.91
1.44,-0.40313,795.13,-0.35143,648.98,-0.36297,615.12
1.45,0.27403,724.08,0.9688,610.11,0.42435,612.02
1.46,-0.17196,828.98,0.05214,607.01,-1.93869,664.23
1.47,0.6504,971.08,2.27165,599.15,-1.60071,649.93
1.48,-1.04813,715.02,2.2485,611.07,-0.5383,652.07
1.49,-0.34911,785.83,-0.12661,609.64,-1.68101,650.17
1.5,-0.42819,718.83,-1.28527,620.13,0.08975,625.13
1.51,0.28505,659.94,-2.10084,641.11,0.99649,627.04
1.52,-1.90885,679.02,-0.26531,633.24,-0.01618,634.91
1.53,0.64124,685.93,0.99676,620.84,0.17969,623.94
1.54,2.30637,633.96,-0.25246,638.01,-0.82294,646.11
1.55,2.1776,669.24,-0.89819,611.07,0.5453,635.86
1.56,3.2876,684.02,-1.12685,620.13,0.6176,627.99
1.57,0.63521,730.04,1.86736,595.33,-0.32778,620.13
1.58,0.32961,638.96,-0.39358,604.87,1.24273,621.8
1.59,-0.19618,614.88,-0.78101,621.08,0.93083,631.09
1.6,0.78463,641.11,-1.75758,610.11,-0.10477,620.6
1.61,-0.75441,617.98,-2.33693,600.81,-0.553,605.11
1.62,-1.80714,638.96,1.32681,614.88,0.53189,614.17
1.63,-1.24984,615.84,1.80527,607.97,-0.12017,595.09
1.64,0.43429,621.08,3.77982,621.08,-0.73437,620.13
1.65,-0.33004,622.03,1.95474,591.99,0.49333,598.91
1.66,-0.48469,873.8,0.86433,611.07,0.08899,592.95
1.67,0.43331,965.83,0.58201,607.97,0.28205,607.01
1.68,-0.49277,718.83,0.30519,599.86,-0.62254,600.81
1.69,0.57849,625.85,0.54231,624.18,0.12358,658.99
1.7,-1.72893,706.91,-0.40253,627.04,-0.36372,629.66
1.71,-1.06506,661.13,0.98833,595.09,0.3243,620.13
1.72,-0.17118,647.07,-0.46932,612.26,-0.33443,624.9
1.73,-1.43455,632.05,0.42486,602.96,0.12741,612.02
1.74,-0.32455,693.08,-1.61082,638.25,-0.4852,601.77
1.75,-0.20058,648.02,0.54329,610.11,0.60623,640.15
1.76,-0.51178,621.08,1.92715,606.06,-1.0999,729.08
1.77,0.69575,597.95,2.49037,643.01,-0.65742,962.97
1.78,-0.1051,595.81,1.00869,607.01,0.10753,728.13
1.79,-0.39888,609.16,1.82674,618.93,-1.30333,730.28
1.8,0.35482,601.05,-0.53249,597.0,-1.09746,675.92
1.81,-0.64463,666.86,-1.17218,601.05,0.14818,648.98
1.82,0.02777,1033.07,-0.07975,597.0,-0.16636,636.1
1.83,-0.88818,1164.67,-0.5266,627.99,0.38184,797.03
1.84,0.43483,935.08,0.42983,593.9,-1.2984,805.85
1.85,0.97501,899.08,-0.42223,594.14,0.36862,752.93
1.86,-0.35328,815.87,-1.50681,713.11,0.25366,644.21
1.87,0.52377,913.86,0.29588,624.9,0.22336,692.13
1.88,0.30631,808.95,-0.83512,616.79,-0.54715,647.07
1.89,-0.62729,936.75,-0.84422,619.89,1.13826,627.04
1.9,1.29864,936.99,1.08344,618.93,0.85926,621.8
1.91,0.41817,932.93,-0.89558,625.85,-0.78878,622.03
1.92,0.65452,967.03,-1.55954,598.91,0.38146,615.12
1.93,-0.87268,883.1,-2.30559,586.75,-2.10451,624.18
1.94,0.68581,1020.91,-1.77313,615.84,-1.85248,632.05
1.95,0.70263,1116.04,1.34262,843.05,-1.20767,668.05
1.96,-0.0702,933.89,0.39163,854.73,0.04697,627.28
1.97,0.46898,954.87,0.03756,872.85,-0.85108,615.84
1.98,-1.05993,794.89,0.16434,746.01,-0.62047,611.07
1.99,-0.63552,685.21,-0.58553,807.76,-0.7218,608.92
2.0,-0.17279,715.02,1.80136,657.08,-0.01507,617.03
2.01,-0.51654,705.96,-0.97562,643.01,-0.10908,621.08
2.02,0.14674,714.78,-1.99506,613.21,-0.52812,638.96
2.03,-0.8532,645.88,-2.40799,673.06,0.46663,638.96
2.04,0.66777,707.86,-1.96693,610.11,-0.07447,628.23
2.05,1.02516,648.98,-0.0698,605.34,-0.56366,616.79
2.06,-0.64583,730.04,0.25677,694.04,0.81677,624.9
2.07,1.11398,658.04,0.44846,648.98,-1.58882,717.64
2.08,1.00457,626.09,-0.44522,749.83,-1.3904,655.89
2.09,-0.55385,627.99,0.30871,665.9,-1.39727,622.99
2.1,-0.43753,668.05,0.09033,621.08,-0.33014,639.92
2.11,0.37915,669.0,0.47698,693.08,-0.84957,621.8
2.12,-1.07422,611.07,-1.18341,628.95,0.39121,616.31
2.13,0.35504,643.97,1.11648,609.16,-0.45043,699.76
2.14,0.65169,645.88,1.59819,612.02,0.62971,640.87
2.15,0.81465,624.9,1.6944,653.03,-0.6358,641.11
2.16,-0.6136,621.08,-0.17127,607.01,0.13332,611.78
2.17,-0.48856,622.03,0.98507,599.15,-0.26127,693.08
2.18,1.20948,656.13,-0.04929,638.96,-0.46172,719.79
2.19,-1.31434,615.84,0.51013,625.85,0.4016,641.11
2.2,-1.496,622.75,-0.45422,607.01,-0.77878,645.88
2.21,-2.30019,656.84,1.2332,594.85,-0.71971,627.99
2.22,-0.23097,625.85,0.05588,612.97,0.43909,628.95
2.23,-0.27032,616.07,-1.13956,615.84,-1.09233,614.88
2.24,-0.12613,643.97,0.55032,597.95,-0.64018,624.18
2.25,-0.09344,609.64,-1.19129,618.93,-0.23101,613.93
2.26,-0.46952,663.76,0.44133,607.97,-0.42543,636.1
2.27,0.41292,621.8,1.77131,625.85,-0.1266,632.05
2.28,-0.00735,599.62,2.23364,599.86,-0.97124,624.18
2.29,-0.1596,647.31,0.62081,625.85,0.29651,919.82
2.3,0.0403,675.92,0.87183,609.16,-2.33804,941.04
2.31,-0.81978,604.87,0.37031,598.19,-1.30534,771.05
2.32,1.30452,603.91,0.11808,608.92,-1.74116,674.96
2.33,0.68702,612.02,0.00501,619.17,1.32865,649.93
2.34,-0.42017,605.34,0.27382,617.98,0.88285,633.0
2.35,1.35923,627.04,0.32214,594.14,0.78072,684.98
2.36,0.90396,594.14,0.29029,584.84,-1.08731,627.04
2.37,-0.2919,602.01,-0.54398,614.88,0.40848,610.11
2.38,1.10393,625.13,1.19638,591.04,0.86176,627.76
2.39,-0.81382,618.93,0.70231,612.97,0.65148,656.13
2.4,-0.0071,603.91,0.92164,634.91,-0.17493,634.67
2.41,-0.96602,621.8,-0.25628,627.28,1.11897,609.16
2.42,-1.45835,643.73,-0.67036,618.93,-0.97935,626.8
2.43,0.20388,623.23,0.77217,598.91,-0.43323,622.99
2.44,0.21336,614.88,-0.54073,620.84,-1.25737,612.97
2.45,-0.0508,610.11,-0.19549,1152.99,1.03004,610.11
2.46,-0.17914,599.15,0.28495,736.0,1.87404,621.08
2.47,0.04286,622.27,-0.31556,725.03,-0.09848,611.78
2.48,-0.15337,602.96,1.10395,632.05,0.57782,611.07
2.49,-0.04844,621.8,-0.22234,655.89,-1.05465,670.19
2.5,-0.14384,689.98,1.07102,664.71,-1.07002,638.01
2.51,-0.10075,677.82,-0.87995,627.99,0.67045,645.88
2.52,-0.58681,602.01,-1.04126,627.28,-0.55186,647.07
2.53,0.70271,608.92,0.70685,631.09,0.01025,615.84
2.54,-0.2132,671.86,1.62358,634.19,-0.89823,613.93
2.55,-0.34041,636.82,0.80911,600.81,0.58289,615.12
2.56,0.91516,649.93,1.3433,641.11,-0.56291,603.2
2.57,-0.74841,635.15,-1.77194,618.93,1.02365,623.94
2.58,-0.58201,595.81,-0.50099,637.77,-0.39256,611.07
2.59,-0.56573,611.07,-0.10187,613.93,-0.06219,661.13
2.6,0.6529,603.2,0.25992,617.98,-0.91889,609.16
2.61,-1.9787,619.89,0.06345,639.92,0.07368,607.97
2.62,-2.41273,601.77,0.48739,658.27,-0.48757,623.23
2.63,-3.17365,596.05,-0.60294,619.89,0.97229,637.05
2.64,-2.54746,601.05,0.20092,652.07,-0.1249,595.81
2.65,0.74245,604.15,0.06832,682.83,1.05103,740.05
2.66,-0.8183,638.96,0.16254,625.13,0.44002,642.06
2.67,-1.34075,619.89,0.72065,632.05,-0.19302,617.98
2.68,-1.7136,587.7,-1.15567,616.79,0.53462,661.13
2.69,-1.67053,723.84,0.94717,625.13,-1.03444,623.7
2.7,0.25401,686.88,1.33187,601.05,-1.31202,615.12
2.71,-0.58549,657.08,1.73991,633.96,-0.76398,631.09
2.72,-2.08653,661.13,-0.27052,631.09,-0.99676,610.83
2.73,-2.62482,687.84,0.51564,610.11,0.90748,704.05
2.74,-1.24564,628.95,-0.98617,627.99,-0.44236,633.0
2.75,-0.66444,816.11,0.5836,616.07,-0.4009,607.01
2.76,-0.90718,1463.89,2.10805,603.2,-0.80525,634.19
2.77,-0.21759,914.1,1.03958,645.88,0.38905,636.82
2.78,0.34033,881.2,0.98586,603.2,-1.49117,598.67
2.79,-1.32962,885.01,-0.26653,613.69,-0.82236,632.05
2.8,0.90003,804.19,0.77536,603.2,-0.96174,600.1
2.81,1.22004,1068.12,1.13649,607.97,0.81306,616.07
2.82,0.52335,1417.4,-0.82378,621.8,-1.12102,625.85
2.83,0.34313,1128.2,0.23825,598.91,-1.20884,621.08
2.84,-0.22021,1254.08,0.54758,629.19,-1.98942,630.14
2.85,0.32697,1139.16,-0.4881,632.76,0.88476,621.08
2.86,-0.87646,1050.95,0.62455,595.09,1.8007,640.87
2.87,0.19959,880.24,0.6011,608.92,0.94813,624.9
2.88,0.56541,990.87,-0.67826,622.27,1.26642,631.81
2.89,-0.61428,1029.25,1.6384,586.03,-1.40627,617.98
2.9,0.60419,900.75,2.01161,610.11,-0.91481,604.87
2.91,-0.66671,932.22,1.03627,633.96,-0.31222,666.14
2.92,0.6259,816.11,0.78059,617.03,-1.04224,627.04
2.93,-0.77887,1080.04,0.79318,597.72,-0.62456,633.96
2.94,0.47254,1126.77,-0.4134,590.09,0.04886,611.78
2.95,-0.84764,874.04,0.68622,609.87,-1.41694,616.07
2.96,1.27657,817.78,1.06793,600.1,-0.56085,634.91
2.97,0.49834,689.27,-0.34106,618.93,-0.55048,614.17
2.98,0.58384,678.06,1.82167,608.92,0.59791,620.13
2.99,0.85605,669.96,0.69607,611.07,-1.38484,615.84
3.0,-1.30015,656.13,1.16643,612.97,-3.22824,628.95
3.01,0.44121,621.08,0.81136,632.05,-1.29627,607.01
3.02,0.54002,654.94,-0.22129,581.98,-1.86031,613.93
3.03,0.81727,624.18,1.97988,614.17,0.39562,622.75
3.04,-0.33736,660.9,0.37916,623.23,0.67581,638.01
3.05,0.83059,619.89,-0.39291,622.99,1.01653,611.78
3.06,-1.66992,649.93,-1.50295,618.93,-0.8553,628.23
3.07,-1.19398,607.97,-1.16097,613.93,-0.55761,624.18
3.08,-0.90354,618.93,0.62765,621.08,-0.43118,611.07
3.09,-0.18042,618.93,-0.1962,598.19,-0.08677,615.84
3.1,-0.99505,597.0,-0.32803,635.15,-1.18855,660.9
3.11,1.15414,612.74,0.85835,859.98,-0.44461,622.03
3.12,1.52954,609.16,0.49785,730.99,-0.44781,622.27
3.13,1.8125,717.88,0.97129,671.15,0.05258,612.97
3.14,-0.85388,656.13,-0.2577,635.86,-1.65533,611.07
3.15,-0.86806,703.1,0.62943,626.33,-0.25505,644.92
3.16,-0.29037,789.88,1.03475,617.98,0.25248,710.25
3.17,-0.90574,728.13,-0.66215,627.04,0.76362,640.87
3.18,0.48635,639.92,1.39194,650.88,-1.15619,634.19
3.19,0.78567,646.11,0.8256,596.05,-0.97533,621.8
3.2,0.34665,613.93,0.83889,632.05,0.38029,612.02
3.21,-0.89571,637.29,-0.78071,650.88,-0.5147,615.12
3.22,1.57112,642.06,0.88073,634.91,-0.15111,605.34
3.23,2.22209,609.87,1.74485,596.05,-1.07824,626.09
3.24,2.22166,606.78,2.80255,602.96,0.01281,607.01
3.25,-0.27887,596.05,-1.3786,593.19,0.82888,614.88
3.26,0.36841,650.17,-3.37812,634.19,-1.02608,614.88
3.27,-0.31539,609.16,-4.50275,604.15,0.20628,605.82
3.28,1.00352,607.97,-2.50098,639.2,1.09242,616.31
3.29,-2.10057,603.2,-1.23111,609.16,-0.74896,590.8
3.3,-2.06325,612.26,-0.33,587.94,-1.13124,597.0
3.31,-3.1162,627.99,-0.31737,641.11,-0.02394,609.16
3.32,-0.46814,613.93,0.5375,611.07,1e-05,608.92
3.33,1.25068,608.92,0.10702,607.97,-0.29148,628.95
3.34,0.71495,664.0,-0.62022,616.79,0.02508,638.01
3.35,0.18911,620.6,2.12421,618.93,-0.36973,618.93
3.36,-0.15817,653.74,1.17247,615.84,-0.55087,629.9
3.37,0.39478,615.84,1.87469,632.05,-0.01842,614.17
3.38,-1.32692,617.98,-0.5811,614.88,-1.2888,616.79
3.39,-1.00155,624.9,-0.90312,616.79,-0.23129,631.09
3.4,-0.53639,607.97,0.36768,602.72,0.39446,620.13
3.41,-0.1611,599.86,0.07515,631.09,-1.09552,612.97
3.42,-0.43448,610.11,1.09683,610.11,-0.40024,624.18
3.43,-0.81677,641.82,-0.50327,589.85,-1.42339,601.77
3.44,0.71958,601.29,-0.48735,609.16,-0.04391,597.95
3.45,0.14824,606.78,1.82046,764.85,1.71604,629.9
3.46,0.31163,603.91,-0.83574,1063.82,1.37093,607.01
3.47,-1.21682,633.0,-0.12934,818.73,0.72038,732.9
3.48,-0.02781,612.74,-1.42562,725.98,-1.157,698.09
3.49,-2.41493,659.94,-0.20884,669.96,0.21045,849.25
3.5,-1.52143,658.99,-0.44615,648.98,1.17302,1020.91
3.51,-0.522,606.06,0.21068,662.09,-0.87189,931.26
3.52,-1.92295,833.99,-0.38706,654.94,-0.93652,769.14
3.53,0.17227,821.11,0.4215,654.94,-0.61595,746.97
3.54,-0.57258,692.84,-0.02871,658.04,-0.93161,650.88
3.55,0.02539,679.97,0.49994,756.98,0.732,632.76
3.56,0.25668,659.23,0.29461,841.86,-1.96861,648.02
3.57,-0.94365,627.28,0.37595,911.71,-3.82169,632.05
3.58,0.3579,608.92,-0.32672,748.87,-4.4733,633.0
3.59,0.06669,627.99,0.88166,913.86,-4.89435,654.94
3.6,-0.29837,634.91,0.81826,883.34,-1.24436,643.97
3.61,0.13569,607.97,-0.3526,765.09,0.05312,613.69
3.62,-0.86808,627.99,1.18364,724.08,2.31284,681.16
3.63,-0.7244,611.07,1.6323,684.02,0.44733,634.67
3.64,-0.58073,602.25,0.35437,645.88,0.49854,618.93
3.65,-0.23098,601.05,1.5485,612.97,-0.10641,622.99
3.66,-0.995,674.96,-0.03667,622.75,0.02918,645.88
3.67,0.52558,630.14,-0.92159,617.98,-1.30364,618.93
3.68,0.93282,607.01,-1.00951,1150.37,-0.76924,609.16
3.69,-0.68373,635.15,0.97301,756.98,-0.17605,620.84
3.7,0.85282,655.17,0.75576,684.98,-1.27777,616.07
3.71,-1.15817,617.98,0.63114,686.17,-0.66318,621.08
3.72,0.62367,630.86,0.18625,627.99,-0.50754,612.26
3.73,-1.17276,797.03,1.00413,628.95,-0.72125,621.08
3.74,-0.93497,1070.02,0.3771,632.05,0.30138,606.78
3.75,-0.18761,1284.12,0.29483,635.15,-1.33401,606.78
3.76,-0.96103,1102.21,-0.15798,606.06,-0.10211,604.15
3.77,-0.0912,1256.94,1.49886,621.08,-0.31542,611.07
3.78,-0.84156,863.31,-0.23249,607.01,0.09218,626.09
3.79,-0.27848,983.0,-1.70144,633.24,-1.18444,628.95
3.8,0.11819,895.02,-0.94827,591.04,-1.0354,619.17
3.81,-1.21624,1013.04,-0.3303,632.05,0.26018,612.97
3.82,-0.70364,719.79,0.11087,636.82,-1.88172,621.08
3.83,-0.58448,696.9,-0.46738,620.13,-2.04883,617.98
3.84,-0.56125,665.19,1.76799,599.15,-2.10966,634.19
3.85,0.35831,633.0,0.81586,621.08,-0.25051,610.83
3.86,-1.54616,704.05,0.38043,668.05,-2.10175,606.06
3.87,-1.73685,645.88,-0.0808,594.14,1.99324,604.15
3.88,-0.29643,675.92,0.78191,611.78,2.52342,619.89
3.89,-1.51795,681.16,-1.53782,616.79,4.13258,703.1
3.9,1.701,627.04,0.4292,651.12,5.64767,606.06
3.91,2.53189,626.09,0.28216,632.05,3.21363,610.83
3.92,2.95123,616.31,0.47668,605.82,1.2684,627.99
3.93,1.76033,735.28,-0.35031,610.11,0.12289,613.93
3.94,-0.13103,637.29,1.59016,634.19,0.31598,598.67
3.95,0.20037,658.04,0.81206,611.78,-1.06828,635.15
3.96,-0.27143,634.91,-0.39679,623.7,-0.74148,613.93
3.97,0.25574,601.05,0.59808,663.76,0.00353,603.91
3.98,-1.63427,670.91,-0.50819,624.18,-1.46122,623.23
3.99,0.65611,629.19,0.48801,613.93,-0.30105,613.93
4.0,1.17502,607.97,0.05018,624.9,0.3235,614.88
4.01,2.03944,648.26,1.27151,612.74,-1.316,602.25
4.02,0.69676,612.02,0.30927,635.15,0.92393,612.02
4.03,-0.00599,614.88,1.33483,633.24,1.11208,611.07
4.04,1.13379,619.89,0.08256,611.78,0.75678,605.11
4.05,-2.21092,621.08,1.62145,641.82,-0.7291,610.11
4.06,-3.36028,650.88,-0.32636,615.12,0.58549,638.96
4.07,-3.98163,617.98,0.01154,617.03,1.00395,623.94
4.08,-2.60885,612.97,-1.14896,621.8,-0.41986,623.7
4.09,-0.71576,592.71,2.41291,631.09,0.94626,591.04
4.1,-0.63461,600.1,2.80037,600.81,-0.33527,628.23
4.11,0.01492,628.23,3.64782,598.91,0.30963,610.11
4.12,-1.62238,617.27,1.4915,617.03,-1.34381,618.93
4.13,-0.05211,586.99,2.05467,617.98,-0.86242,607.97
4.14,0.32919,619.17,0.6295,609.16,-0.5801,634.91
4.15,-0.23703,979.9,0.92296,594.85,0.01181,620.84
4.16,0.05963,751.97,-0.39634,618.93,-1.35199,617.03
4.17,-0.41917,653.74,-0.77959,613.21,-0.76281,638.96
4.18,-0.11346,712.16,0.92756,594.14,-0.5883,616.07
4.19,-0.20917,650.88,0.71132,609.16,-0.80001,610.11
4.2,0.07764,612.74,0.22184,617.03,0.37395,622.75
4.21,-1.20809,666.14,0.84544,588.18,-0.66994,644.68
4.22,-1.83967,622.03,0.76248,609.16,-1.03344,605.11
4.23,0.85027,623.94,0.58958,670.91,0.34331,621.8
4.24,2.18149,618.93,0.13768,603.91,-0.59716,615.36
4.25,2.83655,612.74,0.93945,627.76,-1.65602,617.03
4.26,2.39133,627.04,-0.12744,606.06,0.7347,627.99
4.27,-0.08851,629.9,0.05159,632.76,0.45596,624.9
4.28,0.78638,647.07,0.02582,626.8,-0.00161,627.99
4.29,0.98466,598.91,0.81965,620.84,-0.22078,617.98
4.3,-1.71505,654.94,0.42773,590.09,-0.47969,611.07
4.31,-0.17882,629.9,1.15415,614.88,-0.43375,607.97
4.32,-1.92243,615.12,-0.42583,602.25,-0.3748,634.19
4.33,-1.1679,617.98,2.05101,605.11,-0.97647,618.93
4.34,-1.05448,611.07,2.25384,613.21,0.50446,607.01
4.35,0.02567,597.95,0.07753,599.15,-0.91817,621.8
4.36,-1.47509,632.05,-1.10411,607.01,-1.00243,623.94
4.37,-0.73661,608.92,-0.89748,730.99,-0.31991,624.18
4.38,-0.06411,751.73,0.48829,693.08,-1.44014,629.9
4.39,-1.284,701.9,-0.16647,675.92,-0.23725,617.98
4.4,-1.60515,619.89,1.42145,700.0,0.52479,619.65
4.41,0.02234,674.25,-0.06133,778.91,0.11657,613.93
4.42,-0.0641,617.27,1.58458,798.94,-0.08772,622.75
4.43,-0.27187,617.98,0.23921,988.96,-0.6258,604.87
4.44,-0.04751,605.34,1.38119,789.17,0.82359,628.95
4.45,-1.20748,606.06,-0.11343,736.95,-1.86768,610.11
4.46,0.20358,612.74,1.24452,731.95,-3.63481,626.8
4.47,-1.21924,606.06,-0.2502,699.04,-5.02183,634.91
4.48,-0.35885,604.87,0.1592,690.22,-4.54693,617.98
4.49,-1.44906,660.9,-0.36755,752.21,-1.33364,612.97
4.5,-0.65911,608.92,2.16653,712.87,1.9944,617.98
4.51,-0.57488,624.9,0.27902,674.96,4.16381,613.93
4.52,-0.63722,614.17,0.39894,691.89,6.54811,610.11
4.53,0.23437,601.05,0.78567,653.03,6.79362,627.99
4.54,-1.47008,599.15,-0.79019,656.13,5.79268,622.03
4.55,-0.43621,629.19,0.42326,668.76,2.36146,612.97
4.56,-0.55167,605.11,0.38352,712.87,0.03625,614.17
4.57,-0.03883,598.67,1.07964,692.13,-1.54264,611.07
4.58,-1.39452,596.05,-1.0667,690.94,-0.91299,607.01
4.59,-1.5009,627.04,-0.08827,696.66,-0.52444,615.84
4.6,0.03609,633.24,0.69976,675.92,-1.06952,642.06
4.61,-0.38624,615.12,0.03314,753.88,-0.09819,626.8
4.62,-0.17199,616.79,0.92048,684.02,-0.17945,615.12
4.63,-0.20909,598.91,0.88966,681.88,-0.56186,614.17
4.64,-0.85519,594.85,-0.16302,1013.04,-0.36678,618.93
4.65,1.23723,602.01,0.94767,910.76,-0.63222,779.15
4.66,-1.78655,585.08,0.77696,895.98,0.49801,720.02
4.67,-2.27146,619.89,0.26534,807.05,-2.0054,633.96
4.68,-3.43657,594.85,1.69777,791.79,-2.20168,637.29
4.69,-3.14534,635.86,0.61415,788.93,-2.61125,635.86
4.7,-2.07407,705.96,0.65877,821.11,-1.23107,632.05
4.71,-0.80262,965.12,0.52848,752.93,-2.29113,915.05
4.72,-0.19418,875.0,0.19677,674.01,-0.75653,882.86
4.73,-1.52483,815.15,0.87274,725.03,-1.91242,782.25
4.74,-2.26087,724.08,0.98732,748.87,-1.12973,673.77
4.75,0.75136,673.06,-0.28881,700.0,-1.3868,631.09
4.76,0.78145,666.14,1.98475,727.89,0.46268,695.94
4.77,1.20834,689.74,2.76521,740.77,-0.04765,709.3
4.78,-1.14728,640.15,-0.06487,678.06,-0.52176,653.98
4.79,-2.34033,648.02,-1.39475,723.12,0.17722,639.92
4.8,-1.55164,635.15,-2.22363,655.89,-1.65802,635.15
4.81,-0.76201,635.86,-1.97861,664.71,0.56719,627.99
4.82,-1.53929,637.05,0.51704,645.16,1.09004,623.94
4.83,0.60434,628.95,1.85307,673.06,1.98616,638.01
4.84,-0.29538,614.88,2.16712,677.82,0.23357,620.13
4.85,0.54584,627.04,0.90219,672.1,1.059,627.04
4.86,-0.47742,624.9,1.75539,676.16,-1.07609,615.84
4.87,0.53284,624.18,0.50726,711.92,-1.43394,624.9
4.88,-0.4443,628.95,0.18398,694.99,-0.39196,627.76
4.89,0.08963,614.88,1.08869,724.32,-1.65214,611.78
4.9,-1.40801,602.96,-0.2749,1067.88,-1.30984,648.02
4.91,-1.30094,645.16,0.85613,978.95,-0.30088,640.87
4.92,-0.63563,601.29,-0.44486,971.08,-0.31087,622.99
4.93,-0.31617,602.96,2.08729,833.03,-0.79166,625.85
4.94,-0.80415,638.96,0.60509,954.87,0.79253,616.07
4.95,0.75898,610.11,0.77691,788.93,-2.07844,608.92
4.96,-0.7161,604.87,0.00919,738.86,-3.46006,629.66
4.97,-1.89563,602.96,0.92573,725.03,-4.00296,606.06
4.98,1.0496,607.97,0.80123,803.95,-3.43887,611.78
4.99,2.28163,602.25,0.31525,1041.17,-0.39217,610.11
5.0,3.22967,620.13,0.46984,1079.08,2.05502,604.87
5.01,1.11295,590.09,1.17285,970.13,2.82696,639.92
5.02,1.58397,612.74,-1.72465,822.78,3.44955,617.98
5.03,0.3101,598.91,0.02964,756.26,1.20444,627.99
5.04,-0.12775,597.0,1.36389,826.84,-0.45119,715.02
5.05,0.09269,632.05,1.12054,839.95,-1.06311,612.02
5.06,-0.60757,611.07,0.71394,1075.03,-0.13872,608.92
5.07,-1.51237,601.05,1.06637,911.0,-1.40598,648.98
5.08,0.67812,612.02,-0.88674,885.01,-0.71072,636.1
5.09,0.49609,598.67,0.12631,939.85,-1.56119,654.94
5.1,-0.37262,618.93,-0.0341,812.05,-0.62921,614.88
5.11,0.68917,609.16,0.76614,718.83,-1.101,615.84
5.12,1.17,627.99,0.05541,679.02,-0.31745,606.06
5.13,-0.74773,611.78,1.01742,669.0,-0.087,612.02
5.14,-1.59476,626.8,0.28093,659.23,-1.17237,617.98
5.15,-0.44426,596.05,1.37641,709.77,0.33214,620.13
5.16,-0.87735,622.03,1.75826,704.05,0.70319,615.12
5.17,-0.34747,617.98,-0.09496,675.2,-0.24136,611.78
5.18,-1.47647,590.09,0.45341,625.13,-0.60092,601.05
5.19,0.11168,607.01,-0.1751,681.88,-0.22076,606.06
5.2,0.05255,593.19,1.42926,648.26,-0.89582,618.93
5.21,0.14475,578.88,0.95849,694.99,-0.28098,604.15
5.22,-1.32588,608.21,1.27908,670.19,-0.22366,617.03
5.23,0.16405,600.81,0.03268,702.86,-0.39095,623.7
5.24,-0.61042,608.68,0.69416,669.24,-0.40647,616.07
5.25,0.80525,605.82,0.27002,648.02,-0.42573,611.07
5.26,-1.94012,626.09,1.40172,668.29,-1.16366,660.9
5.27,-2.56752,602.96,0.38399,656.84,0.39504,614.88
5.28,-2.26893,620.13,1.65828,666.14,-0.01205,611.07
5.29,-1.00109,600.1,-0.13518,697.14,-0.37278,616.07
5.3,-0.84937,613.21,-1.35549,672.1,-0.43802,609.64
5.31,-1.14443,627.04,0.04357,684.02,-0.24047,611.07
5.32,1.1219,638.01,-0.21378,661.85,-1.06215,621.08
5.33,-1.28213,603.91,0.35727,649.93,0.58385,609.87
5.34,-2.45801,617.98,-0.20233,649.93,0.24653,616.07
5.35,-2.31873,592.95,1.51036,664.95,-0.19192,611.07
5.36,-1.25237,1199.01,0.11985,674.01,0.76702,612.02
5.37,-1.68939,900.98,1.4351,617.03,-1.80364,605.34
5.38,0.13364,711.92,-0.69121,649.93,-2.56652,614.88
5.39,0.00776,625.37,-0.47219,692.84,-2.44839,604.87
5.4,-0.20419,644.21,-0.12692,642.06,0.1997,630.14
5.41,-0.39581,655.17,0.97731,653.03,1.59497,616.31
5.42,-0.4375,652.07,-0.32508,661.85,0.67516,635.15
5.43,-0.19584,646.11,1.87499,675.92,0.0109,598.91
5.44,-1.22815,618.93,1.59047,628.95,-0.93988,617.98
5.45,-0.95832,602.96,0.76946,621.8,0.51495,612.26
5.46,-0.1129,639.92,0.58406,638.96,-0.67684,617.98
5.47,-1.69702,609.87,1.64452,630.14,-2.42587,614.88
5.48,-0.86553,605.34,-0.85165,634.19,-1.64472,633.24
5.49,-0.74172,646.11,-1.05145,642.06,-0.70013,632.05
5.5,-0.54245,635.86,0.85466,615.12,-1.127,615.84
5.51,-1.23697,661.13,1.48994,658.27,-1.02489,589.13
5.52,0.2047,654.22,0.49445,637.29,0.49426,617.98
5.53,-1.49304,632.76,0.91163,646.35,-2.28534,613.69
5.54,-1.03662,617.98,0.19224,642.06,-1.63624,632.05
5.55,0.12681,624.9,0.8985,634.19,-1.09823,610.11
5.56,-2.40885,627.99,-0.5602,594.38,-0.56191,612.02
5.57,-1.56295,614.88,1.29411,870.23,-1.31549,616.79
5.58,-0.86205,600.81,1.72718,786.07,-0.57811,604.87
5.59,-1.01488,622.99,1.17006,704.05,-1.44594,615.84
5.6,0.03204,607.97,0.6,830.89,-0.78935,614.17
5.61,-1.9197,610.11,1.9846,928.16,-1.16728,606.06
5.62,-1.30066,631.09,0.00092,811.1,0.4849,600.81
5.63,-1.01084,603.91,0.96774,664.0,-1.83239,635.15
5.64,-0.921,596.28,0.73777,671.86,-1.90488,612.02
5.65,0.11933,606.06,0.38302,666.86,-2.1563,598.91
5.66,-1.30142,607.97,1.01978,646.83,-0.18943,647.07
5.67,-0.87492,860.93,0.4046,779.87,-0.1277,597.0
5.68,-0.90164,715.97,1.35978,723.12,-0.64016,616.79
5.69,-0.39461,647.07,0.4215,644.92,0.27806,611.07
5.7,-0.33231,626.09,2.16173,648.98,-1.18277,617.27
5.71,-1.13757,647.07,2.46419,661.13,-0.72327,615.84
5.72,-0.41931,618.93,0.51347,618.93,-0.78769,615.84
5.73,-0.47964,622.99,0.11562,652.07,-0.82229,607.97
5.74,-0.77287,599.15,1.29543,643.73,-0.30546,607.97
5.75,0.20556,627.28,0.99511,800.13,-1.62382,607.25
5.76,-0.77401,612.26,0.62902,679.02,0.30978,663.76
5.77,-1.21191,614.17,1.22172,622.03,-0.32994,637.05
5.78,0.08779,725.03,-0.32113,609.16,0.64218,637.05
5.79,0.03337,961.78,1.96341,659.94,-2.30378,603.2
5.8,-0.37293,978.95,-0.53958,648.02,-3.62761,643.01
5.81,-0.61024,1209.02,-0.63573,662.09,-2.11447,603.91
5.82,-0.47334,972.99,-1.22996,628.23,-1.15526,621.8
5.83,-1.46588,666.86,-0.44048,636.34,-1.00232,613.93
5.84,-0.2267,656.84,0.47015,635.86,-1.43489,614.88
5.85,-1.68714,700.0,-0.22318,601.29,-0.07166,598.91
5.86,-2.46901,633.96,1.69349,651.12,-0.77562,639.92
5.87,-1.34457,604.15,1.29099,639.92,-1.34811,603.91
5.88,-0.84731,638.96,1.25927,650.88,-0.36791,632.05
5.89,-0.86734,647.78,-0.64722,638.01,-0.56071,613.93
5.9,-0.95429,602.25,2.49224,623.94,-0.49186,643.01
5.91,-0.27149,606.06,4.28021,647.07,-1.26794,638.96
5.92,-2.06522,612.97,6.34856,593.9,0.11153,964.88
5.93,0.79188,601.77,7.98867,602.96,-1.6768,811.82
5.94,1.70382,635.15,4.95858,642.06,-2.56674,731.95
5.95,3.21088,607.01,2.95398,669.0,-1.0198,668.05
5.96,2.15387,693.08,0.21785,627.28,-1.71355,649.93
5.97,-0.50703,597.0,0.20872,619.17,-1.65585,651.12
5.98,-1.92377,622.99,1.26778,637.05,-0.57621,632.76
5.99,-0.55924,625.13,0.78047,614.17,-1.44053,624.18
6.0,0.19158,614.17,1.29572,636.1,-0.86498,607.01
6.01,-1.80999,613.21,0.81596,620.13,-0.59314,761.99
6.02,-0.65028,618.93,0.83545,627.99,-1.89754,649.21
6.03,-2.716,622.99,0.1294,656.13,-0.90929,702.38
6.04,-1.5077,623.94,1.98013,640.15,-1.63057,649.93
6.05,-1.58791,605.82,-0.47533,625.85,-1.24433,652.07
6.06,0.20373,582.93,-1.15642,632.05,-0.88455,643.01
6.07,-0.99013,625.13,-3.12421,627.04,-1.35739,633.96
6.08,-0.213,593.9,-3.20177,637.29,-0.5592,645.16
6.09,-1.13346,619.65,0.86603,643.25,-1.36529,627.04
6.1,-0.49402,604.87,2.52802,627.99,0.19794,625.13
6.11,0.4003,583.17,2.7985,644.92,0.17016,610.11
6.12,-1.08961,620.84,3.52915,635.86,0.08224,637.05
6.13,-0.71198,587.7,1.30685,622.27,-1.12988,635.86
6.14,-0.77833,586.75,1.09447,640.15,-0.10052,701.9
6.15,-0.43926,668.29,0.81771,638.01,-1.24152,628.95
6.16,-1.63841,605.82,0.83598,646.11,0.98781,606.06
6.17,-1.27251,608.68,0.11835,805.85,0.59774,640.87
6.18,-0.01341,613.21,1.18054,890.97,-0.5988,623.94
6.19,-1.47711,618.93,0.99505,711.92,0.30402,638.01
6.2,-0.51931,583.17,0.79086,671.15,-2.58138,631.81
6.21,-0.20103,597.95,0.34251,644.92,-1.88842,625.13
6.22,-1.28735,606.06,1.57533,653.98,-0.83015,612.97
6.23,-0.78391,622.03,1.80316,681.4,-0.37473,639.92
6.24,-0.72177,664.0,-0.70746,637.05,-1.39793,612.97
6.25,-1.42238,607.97,2.07399,822.07,-1.00338,629.9
6.26,-0.18502,601.05,3.10598,792.26,-1.6174,623.23
6.27,0.21278,602.25,3.85662,668.05,0.08013,610.83
6.28,-1.699,600.81,4.0302,683.07,-0.28607,663.04
6.29,-1.22031,638.96,4.07509,647.78,-0.44334,607.73
6.3,-1.20678,594.14,-0.32513,607.97,-1.23974,617.98
6.31,0.03058,622.03,-2.79243,610.11,-0.8278,645.88
6.32,-2.04072,600.81,-4.68304,615.12,-0.67821,611.07
6.33,-1.21949,612.97,-4.84905,600.1,-0.80908,618.93
6.34,-1.85035,630.14,-2.53369,596.05,-0.43249,648.02
6.35,0.63733,631.09,-1.83515,651.84,-1.97501,614.17
6.36,0.3756,616.07,1.54987,610.11,0.25627,633.0
6.37,0.42304,618.93,1.89448,638.01,0.46253,621.08
6.38,0.02438,632.05,2.39054,674.72,-0.28893,621.08
6.39,-0.53562,597.0,1.73448,652.07,-0.03762,617.98
6.4,-0.10123,603.91,0.84193,664.23,-0.86424,633.24
6.41,-2.20015,590.09,1.54793,645.16,-1.13351,608.92
6.42,-0.9792,591.28,0.00119,657.8,0.13827,615.36
6.43,-0.70922,593.9,0.72448,651.12,-1.8318,614.88
6.44,-0.07612,606.06,0.18246,632.05,-1.07353,605.11
6.45,-1.68228,594.85,1.30752,655.89,-1.82664,619.17
6.46,-3.3452,624.9,0.88026,655.89,-0.06572,618.93
6.47,-2.72163,601.77,-0.34521,652.07,-1.80682,650.88
6.48,0.63014,604.15,1.14232,617.03,-1.39801,611.07
6.49,-2.25951,589.13,0.19711,602.01,-1.11944,626.8
6.5,-2.44331,611.07,-0.69562,609.87,-0.69177,629.19
6.51,-4.34767,597.0,0.63311,594.85,-1.28241,645.16
6.52,-4.45361,594.85,-1.32204,591.75,-0.9501,623.94
6.53,-5.94986,623.94,2.6056,592.71,-0.23965,620.13
6.54,-5.3763,590.09,3.75775,589.13,-1.63228,603.91
6.55,-3.29249,607.01,5.88375,591.99,-0.34789,604.87
6.56,-1.56356,607.01,7.58373,653.74,-0.03299,615.12
6.57,-0.49166,1128.2,8.22336,650.88,-1.06329,616.31
6.58,-1.55661,736.0,6.68913,631.81,0.63914,644.92
6.59,0.52611,736.0,3.42696,633.96,0.68647,620.84
6.6,-0.1121,652.07,1.39522,646.11,-0.973,641.82
6.61,-1.10307,633.96,2.02528,623.7,0.42728,617.98
6.62,-0.28859,608.92,-0.59779,619.17,0.74466,622.03
6.63,-2.60471,600.1,-0.54076,648.26,-0.5189,604.87
6.64,-2.5863,596.05,-0.50506,641.11,-0.17351,618.93
6.65,-1.85868,683.07,1.60018,643.25,-2.39519,616.07
6.66,-0.66402,606.06,1.52117,631.81,-2.37888,681.88
6.67,-0.96009,638.01,0.74596,636.82,0.25411,625.85
6.68,-0.62272,625.85,1.83603,643.01,-0.17234,620.13
6.69,-1.40002,623.7,0.73599,629.9,-0.07064,622.99
6.7,-1.71125,602.72,2.23955,633.0,-0.65073,615.84
6.71,-0.03774,621.08,1.79537,624.18,-0.85947,638.96
6.72,-0.50979,602.01,0.39275,624.9,0.19081,618.93
6.73,-0.18919,606.06,2.08959,633.0,-1.65424,622.75
6.74,-2.11926,600.1,1.70267,618.93,-1.10773,611.07
6.75,0.056,609.16,0.43456,626.8,-0.82626,620.13
6.76,1.22786,603.2,1.93374,622.99,-1.70361,620.84
6.77,1.99819,627.28,1.54873,610.11,-0.59025,614.88
6.78,-0.17378,604.87,1.03319,619.17,-1.72519,590.09
6.79,1.02172,615.12,2.06011,614.17,-2.22136,600.81
6.8,-0.03597,606.06,0.03122,623.23,0.04704,622.03
6.81,0.93682,648.98,-0.05413,596.05,0.23874,641.82
6.82,-1.78875,1227.14,1.35334,631.81,-0.9234,621.08
6.83,-1.62518,1365.9,0.05343,620.13,-0.42208,612.97
6.84,-0.3731,1276.02,1.21018,696.66,-1.47009,618.93
6.85,-1.90146,1080.99,-0.55969,638.96,-1.24223,607.97
6.86,-0.89735,802.28,1.77086,609.16,0.03329,602.96
6.87,-1.79605,700.95,1.5789,592.95,-2.11427,611.07
6.88,-2.35807,635.86,1.69761,592.95,-1.26536,597.95
6.89,1.27968,626.09,-0.32424,592.71,-2.14945,610.83
6.9,-0.324,597.0,1.88565,632.05,-0.57245,638.25
6.91,-0.65698,593.9,1.7837,628.95,-1.906,617.03
6.92,-0.12271,590.09,2.15843,654.22,-0.73558,620.84
6.93,-1.82279,677.82,0.42845,614.88,0.43597,618.93
6.94,-1.9521,600.81,1.21177,621.08,-1.45347,616.07
6.95,-0.72673,749.11,-0.19333,624.9,-0.76483,622.03
6.96,-2.96718,723.12,2.08984,622.27,-1.09958,619.17
6.97,-0.6484,667.1,2.6954,638.01,-0.88247,622.03
6.98,1.03146,648.02,2.47715,593.9,-0.54759,654.94
6.99,1.23939,615.36,1.62453,772.95,-1.6995,632.05
7.0,1.74185,644.21,1.57049,677.11,-0.84148,632.76
7.01,-0.35016,647.31,1.51836,617.27,-2.68194,609.16
7.02,-0.03909,608.92,0.51241,646.11,-1.13118,634.67
7.03,-0.45565,640.15,1.77902,645.16,-0.59445,634.91
7.04,-1.07677,617.98,1.53088,625.85,-1.96679,617.03
7.05,-0.85145,605.11,1.00682,634.19,-1.65172,621.8
7.06,-0.91663,616.07,1.34561,680.92,-0.99544,606.06
7.07,-0.31734,612.74,0.53228,636.82,-1.296,604.15
7.08,-2.12868,590.09,0.4779,666.86,0.19203,608.21
7.09,-0.43113,615.84,0.97571,629.66,-1.68167,620.6
7.1,-1.4614,627.04,1.19824,636.82,-1.3167,602.25
7.11,-0.22517,599.15,0.85398,642.06,-1.97872,617.98
7.12,-0.51639,597.95,1.0024,690.22,-1.47695,646.83
7.13,-1.11362,618.93,1.60564,636.82,-0.57944,992.06
7.14,-0.39209,622.27,0.0515,633.96,-0.85838,856.16
7.15,0.19628,591.99,-0.18519,637.05,-1.10308,684.02
7.16,-0.94194,601.77,0.9548,614.88,-0.53336,644.92
7.17,-1.65184,611.07,0.5468,651.84,-2.11256,720.26
7.18,0.04805,611.07,2.31637,631.09,-2.30271,617.98
7.19,0.5369,618.93,-0.18834,625.85,-1.1137,662.09
7.2,-0.81215,606.06,-1.47801,632.05,-2.54392,645.16
7.21,0.32568,611.78,-1.93948,638.96,-1.53311,645.16
7.22,0.38457,591.04,-2.17135,621.8,-1.97637,642.06
7.23,-0.93456,617.03,1.19984,638.25,0.18061,637.05
7.24,-0.59131,595.09,3.12005,628.23,-0.85614,638.25
7.25,-1.22373,625.13,4.04223,611.07,-1.15106,626.8
7.26,0.34418,597.72,4.76651,638.96,-2.43278,633.24
7.27,-1.07935,613.21,3.42343,651.6,0.49113,614.88
7.28,-0.26476,628.95,1.42457,623.23,0.69642,622.75
7.29,-1.92986,598.91,3.10595,651.12,-0.67402,604.15
7.3,-1.28404,633.0,2.63083,633.0,-1.21683,606.3
7.31,-0.16622,582.93,1.81703,630.14,-0.30993,835.66
7.32,-0.99673,611.78,1.57455,602.96,-0.43191,653.03
7.33,-0.36975,604.87,0.893,632.29,-2.06868,690.94
7.34,-0.73075,620.13,1.7882,626.8,-0.83909,631.09
7.35,-0.35475,598.91,-0.15925,617.03,-1.68575,657.08
7.36,-1.81092,617.98,0.34334,623.23,-0.74451,636.1
7.37,-1.1654,600.1,-0.7004,625.85,-1.05937,633.24
7.38,-1.26938,607.97,2.15621,635.15,-0.18414,632.76
7.39,-0.78146,603.91,2.57321,1023.05,-2.50023,621.8
7.4,-1.81007,605.11,1.28211,914.1,-1.91142,612.26
7.41,-2.4481,600.1,2.83423,729.08,-1.35293,635.86
7.42,0.48398,607.97,2.27802,725.98,-0.4857,624.9
7.43,1.53935,611.78,1.25928,658.04,-2.73063,694.04
7.44,0.64526,588.89,2.01112,718.83,-2.52376,638.96
7.45,-1.3299,601.77,0.26088,678.06,-0.13451,635.86
7.46,-0.32945,595.09,1.64359,686.17,1.27936,627.99
7.47,-0.51755,582.93,0.4909,654.22,1.12076,624.18
7.48,-0.67581,618.93,0.61565,651.12,-0.58014,617.98
7.49,-1.51432,610.11,1.00263,635.86,0.5957,615.84
7.5,-0.3309,581.98,0.82503,648.26,-1.23887,620.6
7.51,-1.76912,612.02,1.72345,633.72,-2.07433,618.93
7.52,-2.41469,580.79,0.4405,606.78,-0.73939,638.01
7.53,-0.7114,601.05,2.52476,643.73,-1.23163,627.04
7.54,-1.09504,606.06,2.53631,617.98,-1.12379,615.84
7.55,-0.62732,597.0,1.33313,653.03,-1.02203,614.17
7.56,-1.23109,587.22,2.55659,639.2,-0.98977,616.07
7.57,0.15106,608.92,-0.28375,595.81,-1.56823,616.79
7.58,-1.35554,599.15,-0.10961,627.99,-0.38721,638.25
7.59,-0.10993,580.07,1.66681,622.99,-0.71201,619.89
7.6,-0.78303,609.87,0.95331,620.84,-0.0742,609.64
7.61,-0.27005,619.89,1.58086,607.01,-2.9724,608.92
7.62,-0.26227,607.97,1.6447,650.64,-2.29507,598.19
7.63,-1.67061,601.05,0.10171,624.9,-1.22893,618.93
7.64,-1.28487,589.13,2.36512,625.13,-1.82366,610.11
7.65,-0.5013,599.15,2.6398,630.14,0.76908,613.69
7.66,-2.26162,595.81,1.24038,636.1,0.26552,623.7
7.67,-2.22235,593.9,3.6441,601.05,-0.35793,605.82
7.68,-1.65943,607.97,3.50441,684.02,-0.23751,612.97
7.69,-0.38178,590.09,0.54102,707.15,-1.78868,611.78
7.7,-0.638,605.82,-1.22077,597.95,-2.48098,617.98
7.71,-1.72924,593.19,-1.75862,626.8,-1.98705,616.31
7.72,0.48535,597.72,-1.32355,621.08,-1.12265,643.01
7.73,0.79785,598.91,0.94415,641.11,-1.33236,634.91
7.74,0.56067,620.13,0.52815,638.96,-0.99338,603.91
7.75,-0.5396,600.1,2.2478,621.08,-2.28821,622.03
7.76,0.44586,590.09,2.40776,623.23,-0.12122,618.93
7.77,-1.33246,629.19,2.45362,678.06,0.87536,624.9
7.78,-1.97859,1111.03,0.74069,636.34,1.33738,609.87
7.79,0.36827,855.92,-0.07978,627.04,-0.13185,625.85
7.8,-0.54058,655.17,1.35407,625.85,0.10993,619.17
7.81,-0.9841,685.93,-0.35918,621.08,-1.21224,615.84
7.82,-0.74955,636.1,-0.05482,616.07,-1.02122,601.05
7.83,-1.31004,613.21,0.95529,621.08,-1.48587,617.03
7.84,-0.66279,608.21,-0.04166,637.29,-1.01716,624.9
7.85,-2.68989,622.99,2.69157,633.0,-1.77789,593.9
7.86,-2.79509,606.06,3.32138,620.13,0.16598,598.91
7.87,-0.15681,632.05,2.34339,587.94,-0.91799,625.85
7.88,0.58062,617.03,0.70558,636.82,-0.52439,602.01
7.89,0.47356,606.06,0.69816,627.99,-1.13436,617.03
7.9,-1.17974,593.9,1.50613,636.1,-0.88158,601.05
7.91,-0.93181,620.84,1.88812,634.67,-1.71945,613.93
7.92,-0.8697,595.09,1.79414,673.06,0.5657,658.04
7.93,-1.11617,608.68,0.95074,622.75,0.14137,617.03
7.94,-1.37101,777.01,0.8037,611.07,-1.9778,620.13
7.95,-0.41918,706.2,2.02354,645.88,-1.89141,605.11
7.96,-1.33163,644.92,1.74832,626.09,-0.56578,610.83
7.97,0.16758,625.85,1.4001,613.93,-1.86921,621.8
7.98,-0.47768,602.01,0.91408,600.81,-0.226,615.84
7.99,-1.31526,610.11,2.38723,617.03,-0.35654,680.21
8.0,-0.4228,684.98,0.1404,602.96,-1.2402,626.8
8.01,0.20945,762.22,-0.86327,612.74,-0.31556,608.92
8.02,-1.26839,647.78,-1.74924,601.05,-0.09887,626.8
8.03,-1.15432,664.95,-0.49729,596.05,-1.57121,627.04
8.04,-0.71888,691.89,0.36545,621.08,0.02273,648.98
8.05,-1.773,617.98,2.06204,624.9,-0.30547,617.98
8.06,-1.18944,612.97,0.98853,630.14,-0.69478,673.77
8.07,-2.11606,623.94,2.32814,635.86,-0.60968,585.08
8.08,0.44105,613.21,3.06658,645.88,-2.15453,623.23
8.09,1.55536,614.88,0.90691,622.99,0.0036,617.98
8.1,-0.11945,638.96,-0.1045,619.17,-0.33331,617.03
8.11,0.66951,629.9,1.86111,622.03,-1.56441,616.07
8.12,-0.79199,605.82,0.9293,638.96,-0.35462,637.77
8.13,-1.08597,614.88,0.69433,649.21,-0.60008,620.84
8.14,-0.71217,600.81,1.51727,632.29,-1.24678,611.07
8.15,-1.66667,626.33,1.9451,605.11,-1.09553,621.08
8.16,-1.54912,636.1,0.44097,631.81,-1.27088,615.84
8.17,-1.01125,613.21,0.03777,621.08,-1.15133,612.97
8.18,-1.22446,633.72,0.45593,617.03,-0.58899,612.97
8.19,-0.95363,643.01,1.73579,615.84,-2.76131,613.69
8.2,-1.33797,633.0,-0.21508,644.21,-2.04332,607.97
8.21,-1.27691,596.05,0.20558,601.29,-1.14083,635.15
8.22,-1.4497,771.05,1.48492,879.05,-2.62574,634.19
8.23,-0.78182,633.72,1.87856,990.15,0.23489,621.08
8.24,-1.51221,688.79,0.84937,797.03,1.70874,608.92
8.25,-0.73368,624.18,0.33871,705.0,-0.07961,611.78
8.26,-1.98639,658.75,1.22553,706.2,0.30497,618.93
8.27,-1.19892,630.86,-0.33353,717.16,-1.04746,613.93
8.28,-1.41634,602.01,0.98481,749.83,-0.54784,615.12
8.29,-1.15529,597.0,1.78131,807.05,-2.5531,609.16
8.3,-1.71648,628.95,0.81603,648.02,0.04458,607.97
8.31,0.27211,600.1,1.11414,646.83,0.62759,631.81
8.32,-2.1001,638.96,0.75823,649.93,1.73027,607.01
8.33,-1.78828,606.78,2.69448,638.01,0.31661,602.25
8.34,-2.36621,625.13,2.89369,710.01,-0.17857,975.13
8.35,-1.80585,607.97,1.10769,624.9,-1.27321,857.11
8.36,-0.77838,627.99,0.08026,603.2,-1.21416,705.96
8.37,-3.00077,600.1,0.31012,652.07,-0.0551,644.92
8.38,-1.20075,607.01,1.68892,626.09,-2.16836,662.8
8.39,-1.23888,603.91,0.85334,625.13,-1.05334,636.1
8.4,-0.88962,598.67,2.2516,673.06,-3.60083,696.18
8.41,-1.94854,601.05,2.15327,611.78,-0.86448,645.16
8.42,-0.88584,602.01,0.56363,607.01,0.82848,630.14
8.43,-1.92163,638.96,1.58798,929.83,1.47393,613.21
8.44,-1.13972,610.11,0.50344,929.12,2.66973,662.09
8.45,-2.09543,607.01,1.59536,858.78,-2.23239,642.06
8.46,-0.31302,599.86,1.53884,1067.16,-3.94899,633.0
8.47,-0.61807,616.07,0.93652,1027.11,-6.95079,630.14
8.48,-0.33319,606.06,2.14219,936.03,-8.69982,635.15
8.49,-1.03196,602.96,1.0084,911.24,-8.48798,619.89
8.5,-1.09947,610.83,-0.12542,987.05,-8.04115,617.98
8.51,-1.35034,604.87,0.74062,1240.73,-5.08702,631.09
8.52,-0.60518,625.85,1.21392,1287.94,-1.11502,614.17
8.53,-2.03685,608.92,0.83792,1059.06,0.02298,631.09
8.54,-0.42707,603.68,0.45487,1010.89,0.24818,614.88
8.55,0.50232,618.93,2.89064,1208.07,-0.98778,767.95
8.56,-0.55444,626.09,3.64244,988.96,-0.55736,650.17
8.57,-0.6768,633.96,1.79764,865.94,-0.23002,636.34
8.58,-0.6562,627.99,1.03995,894.07,-1.43919,622.03
8.59,-1.78321,624.9,2.83322,873.09,-1.88976,627.99
8.6,-1.45282,610.59,1.87929,983.0,-0.52116,616.07
8.61,-0.47372,603.91,1.5958,974.89,-1.5503,675.68
8.62,-2.71385,602.01,1.77804,967.98,0.02613,649.93
8.63,-0.54218,613.21,1.70485,875.0,-0.51794,618.93
8.64,-0.11655,595.81,1.04162,1211.17,-0.19773,638.25
8.65,-0.06926,640.63,2.05697,902.89,-2.52007,620.13
8.66,-1.00381,624.18,1.73511,956.06,-2.43616,627.99
8.67,0.31132,607.01,2.16319,850.92,-1.33321,609.16
8.68,-1.25628,598.91,0.47926,774.86,-3.0726,617.98
8.69,-1.32888,617.03,0.03734,938.18,-1.7556,634.19
8.7,-1.33989,594.85,1.26224,899.08,-2.25975,630.86
8.71,-0.82785,604.87,1.51617,801.09,-0.31827,604.87
8.72,-1.9081,598.67,1.31356,743.87,-1.03498,606.06
8.73,-1.27278,619.89,1.62394,702.14,-0.27349,617.03
8.74,-2.27033,616.07,1.70082,726.94,-1.27217,613.21
8.75,-0.10545,621.08,0.67181,724.32,-1.23482,700.95
8.76,-0.77696,632.05,1.01389,720.98,-1.65135,619.89
8.77,-0.76749,623.23,1.97851,653.03,-0.1223,613.93
8.78,-2.03613,650.41,1.04146,736.0,-1.88856,617.03
8.79,-0.46821,607.01,2.07699,656.84,-1.53251,643.25
8.8,-1.24624,604.87,0.46658,830.89,-1.50277,624.18
8.81,-0.00356,591.04,0.78034,929.12,-1.30663,603.91
8.82,-0.34894,623.7,0.80844,966.07,-2.20491,601.05
8.83,-1.58513,607.01,1.69201,1001.83,0.22208,643.01
8.84,-0.67144,598.91,1.32589,851.39,-0.10642,620.84
8.85,-0.70404,622.75,2.13558,726.94,-1.23486,632.76
8.86,-1.85826,607.97,1.40796,817.78,-0.87714,608.21
8.87,-0.97645,629.9,2.66875,705.96,-1.74593,640.15
8.88,-1.04404,624.18,0.26978,773.19,-1.03755,620.13
8.89,-1.18163,617.98,-1.14919,819.21,-1.61273,626.33
8.9,-0.886,617.98,-1.19885,902.89,-1.19187,617.03
8.91,-2.15686,605.11,0.00123,917.91,-1.41313,630.14
8.92,-1.57547,594.85,1.08328,713.83,-1.37891,758.17
8.93,-1.34603,602.01,1.33739,856.88,-1.6994,732.18
8.94,-1.2266,633.0,1.01803,815.15,-0.27529,655.17
8.95,-1.90779,766.99,1.79819,1151.08,-1.03863,639.2
8.96,-0.21491,822.78,1.55952,1003.03,-1.21936,687.84
8.97,-0.45112,737.91,1.55447,942.95,-0.75533,627.99
8.98,-0.66667,1274.11,1.80877,723.84,-2.77387,675.92
8.99,-1.16283,777.01,0.97104,663.76,-3.57239,625.85
9.0,-1.22502,703.1,0.98745,667.1,-1.50638,638.25
9.01,-1.90794,715.97,1.53489,668.29,-1.45497,638.01
9.02,0.41714,656.84,1.1139,635.15,-1.17328,619.89
9.03,-2.83344,629.19,0.70042,660.9,-1.28157,595.09
9.04,-5.44435,636.1,2.80576,621.08,-1.78669,618.93
9.05,-6.44896,637.05,2.01883,640.87,-0.14635,634.91
9.06,-8.78636,642.06,1.34011,622.03,-2.25131,614.17
9.07,-10.06676,617.98,1.91587,617.03,-0.10003,611.07
9.08,-7.82982,674.25,1.05435,638.25,0.04289,608.21
9.09,-4.12386,635.15,1.5714,616.07,0.2006,641.82
9.1,-1.0831,633.96,1.10067,622.99,-1.4807,641.11
9.11,0.2421,630.14,0.89363,629.9,-1.02099,636.1
9.12,0.63503,612.97,2.15279,631.09,-1.94632,621.8
9.13,-1.60931,633.0,0.19586,638.96,-2.07806,612.97
9.14,-1.03843,624.9,-0.76806,610.11,-0.24823,628.95
9.15,-1.91877,589.13,0.48932,625.13,-0.36695,619.17
9.16,-0.26726,628.95,0.86313,619.89,-1.44037,638.25
9.17,-1.71702,609.16,1.53084,612.26,0.13488,610.11
9.18,-1.37032,606.78,1.01937,606.06,-0.02213,627.99
9.19,-2.72914,607.01,0.63543,595.81,-0.70335,603.91
9.2,0.34335,597.0,2.90046,630.14,-0.64089,605.11
9.21,1.31732,628.95,-0.07154,612.02,-2.19835,601.05
9.22,0.64517,607.97,-0.70875,619.89,-0.45204,617.98
9.23,-0.0375,633.24,-1.46397,603.91,0.2008,622.99
9.24,-2.22112,614.88,0.8496,597.95,1.27853,614.88
9.25,-1.72558,617.98,-0.60743,861.88,0.26979,627.99
9.26,-1.64649,615.12,0.76852,627.99,-0.92599,607.01
9.27,-0.75893,627.99,1.61294,753.88,-0.44867,628.95
9.28,-2.63343,609.87,0.20202,840.19,-0.11445,614.88
9.29,-0.50946,625.85,1.71943,634.19,-2.65697,602.25
9.3,-0.49159,617.98,0.83749,791.07,-1.1615,603.91
9.31,-0.65845,610.11,2.0691,681.16,-2.07095,603.91
9.32,-1.88141,641.11,3.68532,614.88,-0.99886,666.14
9.33,-2.39176,628.95,2.8924,602.25,-0.86485,633.72
9.34,-1.46375,627.99,1.96456,606.06,-0.97796,640.15
9.35,-2.45626,615.12,1.56342,646.83,-2.27221,623.94
9.36,-1.3712,601.05,2.47478,603.68,-1.0587,603.91
9.37,-3.19399,605.82,0.22501,749.11,-2.33251,622.75
9.38,-1.50553,647.31,-0.58205,604.15,0.52123,615.12
9.39,-2.61784,624.9,0.38655,603.91,1.23393,627.04
9.4,0.00767,601.05,1.10813,620.13,1.84156,616.79
9.41,1.44645,589.13,0.97109,988.96,0.35663,598.91
9.42,1.38446,636.1,2.79246,760.08,-0.48423,621.08
9.43,0.58642,617.98,2.29121,690.22,-1.64587,617.03
9.44,-1.42219,629.9,0.80656,846.15,-1.11927,615.84
9.45,-0.97658,640.15,2.49511,661.85,-1.64801,624.18
9.46,-1.66521,592.23,2.20533,631.09,-0.87065,618.22
9.47,-1.16619,615.12,1.44344,605.82,-0.70157,628.95
9.48,-1.69582,639.92,2.87682,627.76,-1.78284,616.79
9.49,-1.17763,591.75,2.98371,611.78,-1.57331,659.94
9.5,-2.6529,694.04,0.6067,643.73,-0.81057,613.93
9.51,-1.7401,609.64,1.20026,595.81,-1.8031,617.03
9.52,-2.56177,671.86,1.6656,613.93,-2.63979,671.86
9.53,-2.71175,632.05,0.59903,600.1,-0.18426,632.05
9.54,-0.1377,613.93,2.48471,587.7,-0.38283,609.16
9.55,0.15002,638.01,2.6729,653.03,-0.04181,972.99
9.56,-0.16799,626.8,0.52783,613.93,-1.62139,840.9
9.57,-1.69275,646.83,1.60383,605.82,-0.58775,679.97
9.58,-1.72069,653.98,0.07802,626.09,-0.66841,643.97
9.59,-0.73086,611.78,0.41254,644.92,-2.19257,655.17
9.6,-2.01288,633.96,1.8855,614.17,-2.92941,688.08
9.61,-1.26021,604.15,1.99787,627.99,-1.44941,640.15
9.62,-1.09836,620.13,1.2351,650.88,-0.93759,648.02
9.63,-2.16348,611.78,2.21727,643.01,-1.63052,620.13
9.64,-0.40268,611.07,-0.03979,638.96,-1.5107,632.05
9.65,0.54673,625.85,-0.67339,602.01,-1.61922,635.86
9.66,-0.46686,607.25,0.06986,610.11,-1.14987,617.98
9.67,-1.37795,613.93,2.43055,612.74,-2.52733,657.8
9.68,-0.62216,608.92,2.90572,596.05,-1.47973,630.14
9.69,-1.20966,621.08,1.00297,607.97,-2.33539,625.85
9.7,-1.09613,593.19,-0.61611,642.06,-0.15111,616.07
9.71,-1.79913,645.16,0.1257,608.92,0.05672,617.27
9.72,-1.92514,600.1,0.7699,634.91,-0.50341,656.13
9.73,-0.67699,621.08,0.65462,608.92,-1.17296,611.07
9.74,-2.406,603.2,2.78845,625.13,-0.93829,633.96
9.75,-1.14,601.29,4.15446,635.15,-2.57283,605.11
9.76,0.26072,593.9,1.33457,609.87,-2.05875,619.89
9.77,-0.17848,602.96,0.00528,619.17,-1.99299,620.13
9.78,-1.78881,655.17,0.13992,674.01,-0.62153,604.15
9.79,-0.7642,616.07,1.38661,612.02,-2.77568,678.06
9.8,0.23535,619.89,2.17916,622.03,-3.71168,625.85
9.81,-0.94401,597.95,-0.13146,615.84,-1.94581,697.14
9.82,-0.50627,612.02,1.17741,613.93,-1.22852,648.98
9.83,-1.29679,592.23,1.97382,607.73,-2.81938,603.91
9.84,-0.59426,604.15,1.02792,603.91,-2.41132,648.02
9.85,-2.69707,626.09,1.72226,638.96,-1.18315,634.91
9.86,-2.69995,637.29,0.40086,598.91,-2.52713,628.23
9.87,-1.15986,615.84,1.61952,589.61,-1.50513,621.08
9.88,-2.00214,617.03,0.30665,627.28,-2.49337,607.97
9.89,-1.80489,610.83,-0.64322,603.91,-2.3098,606.06
9.9,-0.61358,601.29,0.6684,608.92,-0.52175,637.05
9.91,-1.27567,605.82,1.22766,606.06,-2.04908,607.97
9.92,-0.68305,611.07,1.05174,608.92,-0.75924,604.87
9.93,-2.9716,591.99,2.01783,629.19,-0.75975,662.8
9.94,-1.5889,618.93,1.28517,612.97,-1.14144,602.01
9.95,-0.8485,590.09,1.44401,610.83,-1.66412,621.8
9.96,-1.72213,732.9,1.85637,602.96,-1.23752,604.15
9.97,-1.11515,772.71,1.37497,607.01,-2.33658,612.74
9.98,-1.34186,964.16,1.70666,635.86,-1.83543,617.98
9.99,-0.86075,903.84,1.23513,606.06,-1.25161,622.99
10.0,-2.44704,827.79,2.45568,611.07,-2.0732,617.98
10.01,-1.98312,753.88,0.08309,940.08,-1.77087,615.12
